./faces/IMG_6163.JPG,Kara
./faces/IMG_6164.JPG,Kara
./faces/IMG_6165.JPG,Kara
./faces/IMG_6166.JPG,Kara
./faces/IMG_6167.JPG,Kara
./faces/IMG_6168.JPG,Islam
./faces/IMG_6169.JPG,Islam
./faces/IMG_6170.JPG,Islam
./faces/IMG_6171.JPG,Islam
./faces/IMG_6172.JPG,Islam
./faces/IMG_6173.JPG,Tim
./faces/IMG_6174.JPG,Tim
./faces/IMG_6175.JPG,Tim
./faces/IMG_6176.JPG,Tim
./faces/IMG_6177.JPG,Tim
./faces/IMG_6178.JPG,Tim
./faces/IMG_6179.JPG,Tim
./faces/IMG_6180.JPG,Tim
./faces/IMG_6181.JPG,Tim
./faces/IMG_6182.JPG,Tim
./faces/IMG_6183.JPG,Mohammad
./faces/IMG_6184.JPG,Mohammad
./faces/IMG_6185.JPG,Mohammad
./faces/IMG_6186.JPG,Mohammad
./faces/IMG_6187.JPG,Mohammad
./faces/IMG_6188.JPG,Ben
./faces/IMG_6189.JPG,Ben
./faces/IMG_6190.JPG,Ben
./faces/IMG_6191.JPG,Ben
./faces/IMG_6192.JPG,Ben
./faces/IMG_6193.JPG,Sarah
./faces/IMG_6194.JPG,Sarah
./faces/IMG_6195.JPG,Sarah
./faces/IMG_6196.JPG,Sarah
./faces/IMG_6197.JPG,Sarah
./faces/IMG_6198.JPG,Mostafa
./faces/IMG_6199.JPG,Mostafa
./faces/IMG_6200.JPG,Mostafa
./faces/IMG_6201.JPG,Mostafa
./faces/IMG_6202.JPG,Mostafa
./faces/IMG_6203.JPG,Keven
./faces/IMG_6204.JPG,Keven
./faces/IMG_6205.JPG,Keven
./faces/IMG_6206.JPG,Keven
./faces/IMG_6207.JPG,Keven